{
  "home": 59031,
  "home1": 58908,
  "my": 58882,
  "my1": 58888,
  "right": 59043,
  "up": 58959,
  "down": 59181,
  "wechat": 59150,
  "task-wait": 59174,
  "task-over": 59175,
  "task-doing": 59176,
  "task": 59178,
  "back": 58933,
  "fudao": 58972,
  "book": 58930,
  "university": 58941,
  "kefu": 58909,
  "search": 58899,
  "close": 58902,
  "edit": 58883,
  "code": 59097,
  "email": 59098,
  "password": 59099,
  "add": 58910,
  "finger": 58982,

  "setting": 58995,
  "wholeren": 59061,
  "student": 59100,
  "parent": 59101,
  "ask": 58912,
  "erp": 59049,
  "contract": 59055,
  "order": 59056,
  "fuwu": 58904
}
